url_from,url_to
https://www.cs.utexas.edu/about,https://www.cs.utexas.edu/about
https://www.cs.utexas.edu/about,https://coronavirus.utexas.edu/
https://www.cs.utexas.edu/about,http://cs.utexas.edu/coronavirus
https://www.cs.utexas.edu/about,https://www.cs.utexas.edu/news
https://www.cs.utexas.edu/about,https://www.cs.utexas.edu/utcs-direct
https://www.cs.utexas.edu/about,https://utdirect.utexas.edu/apps/utgiving/online/nlogon/?menu1=NSCU
https://www.cs.utexas.edu/about,https://www.utexas.edu/
https://www.cs.utexas.edu/about,https://www.cs.utexas.edu/
https://www.cs.utexas.edu/about,https://cns.utexas.edu/
https://www.cs.utexas.edu/about,https://www.cs.utexas.edu/research
https://www.cs.utexas.edu/about,https://www.cs.utexas.edu/research/areas
https://www.cs.utexas.edu/about,https://www.cs.utexas.edu/research/research-seminars
https://www.cs.utexas.edu/about,https://www.cs.utexas.edu/research/ut-research-links
https://www.cs.utexas.edu/about,https://www.cs.utexas.edu/research/publications
https://www.cs.utexas.edu/about,https://www.cs.utexas.edu/people
https://www.cs.utexas.edu/about,https://www.cs.utexas.edu/people/staff
https://www.cs.utexas.edu/about,https://www.cs.utexas.edu/people/offices
https://www.cs.utexas.edu/about,https://www.cs.utexas.edu/awards
https://www.cs.utexas.edu/about,https://www.cs.utexas.edu/awards/research-awards
https://www.cs.utexas.edu/about,https://www.cs.utexas.edu/awards/service-awards
https://www.cs.utexas.edu/about,https://www.cs.utexas.edu/awards/teaching-awards
https://www.cs.utexas.edu/about,https://www.cs.utexas.edu/awards/graduate-student-awards
https://www.cs.utexas.edu/about,https://www.cs.utexas.edu/undergraduate-program
https://www.cs.utexas.edu/about,https://www.cs.utexas.edu/undergraduate-program/admissions
https://www.cs.utexas.edu/about,https://www.cs.utexas.edu/undergraduate-program/admissions/prospective-students
https://www.cs.utexas.edu/about,https://www.cs.utexas.edu/undergraduate-program/admissions/internal-transfers
https://www.cs.utexas.edu/about,https://www.cs.utexas.edu/turing-scholars
https://www.cs.utexas.edu/about,https://www.cs.utexas.edu/undergraduate-program/academics
https://www.cs.utexas.edu/about,https://www.cs.utexas.edu/undergraduate-program/academics/advising
https://www.cs.utexas.edu/about,https://www.cs.utexas.edu/undergraduate-program/academics/advising/orientation
https://www.cs.utexas.edu/about,https://www.cs.utexas.edu/undergraduate/academics/advising/forms
https://www.cs.utexas.edu/about,https://www.cs.utexas.edu/undergraduate-program/academics/advising/preparing-graduate-school
https://www.cs.utexas.edu/about,https://www.cs.utexas.edu/undergraduate-program/academics/concentrations
https://www.cs.utexas.edu/about,https://www.cs.utexas.edu/concentrations/big-data
https://www.cs.utexas.edu/about,https://www.cs.utexas.edu/concentrations/systems
https://www.cs.utexas.edu/about,https://www.cs.utexas.edu/concentrations/cybersecurity
https://www.cs.utexas.edu/about,https://www.cs.utexas.edu/concentrations/game-development
https://www.cs.utexas.edu/about,https://www.cs.utexas.edu/concentrations/mlai
https://www.cs.utexas.edu/about,https://www.cs.utexas.edu/concentrations/mobile-computing
https://www.cs.utexas.edu/about,https://www.cs.utexas.edu/undergraduate-program/academics/curriculum
https://www.cs.utexas.edu/about,https://www.cs.utexas.edu/node/69868
https://www.cs.utexas.edu/about,https://www.cs.utexas.edu/undergraduate-program/academics/curriculum/courses
https://www.cs.utexas.edu/about,https://www.cs.utexas.edu/undergraduate-program/academics/curriculum/degree-plans
https://www.cs.utexas.edu/about,https://www.cs.utexas.edu/undergraduate-program/academics/curriculum/teaching-plans
https://www.cs.utexas.edu/about,https://www.cs.utexas.edu/undergraduate/academics/curriculum/5-year-bsms
https://www.cs.utexas.edu/about,https://apps.cs.utexas.edu/apps/classes/homepages
https://www.cs.utexas.edu/about,http://cs.utexas.edu/longhorn-startup
https://www.cs.utexas.edu/about,https://www.cs.utexas.edu/undergraduate-program/academics/elements-computing
https://www.cs.utexas.edu/about,https://www.cs.utexas.edu/undergraduate-program/academics/honors-programs
https://www.cs.utexas.edu/about,https://www.cs.utexas.edu/undergraduate/academics/scholarship-service
https://www.cs.utexas.edu/about,https://www.cs.utexas.edu/faq/undergraduate
https://www.cs.utexas.edu/about,https://www.cs.utexas.edu/undergraduate-program/student-engagement-and-support
https://www.cs.utexas.edu/about,https://www.cs.utexas.edu/undergraduate-program/student-engagement-and-support/360-connections
https://www.cs.utexas.edu/about,https://www.cs.utexas.edu/undergraduate-program/student-organizations
https://www.cs.utexas.edu/about,https://www.cs.utexas.edu/undergraduate-program/student-engagement-and-support/scholarships
https://www.cs.utexas.edu/about,https://www.cs.utexas.edu/undergraduate-program/student-engagement-and-support/undergraduate-research
https://www.cs.utexas.edu/about,https://www.cs.utexas.edu/undergraduate-program/student-engagement-and-support/internships-and-jobs
https://www.cs.utexas.edu/about,https://www.cs.utexas.edu/undergraduate-program/student-engagement-and-support/student-homepages
https://www.cs.utexas.edu/about,https://www.cs.utexas.edu/undergraduate-program/study-abroad
https://www.cs.utexas.edu/about,https://www.cs.utexas.edu/blog
https://www.cs.utexas.edu/about,https://www.cs.utexas.edu/undergraduate/student-support/project-giving-tree
https://www.cs.utexas.edu/about,https://www.cs.utexas.edu/graduate-program
https://www.cs.utexas.edu/about,https://www.cs.utexas.edu/graduate-program/prospective-students
https://www.cs.utexas.edu/about,https://www.cs.utexas.edu/graduate/prospective-students/apply
https://www.cs.utexas.edu/about,https://www.cs.utexas.edu/faq/graduate
https://www.cs.utexas.edu/graduate-program/forms,https://www.cs.utexas.edu/graduate-program/forms
https://www.cs.utexas.edu/about,https://www.cs.utexas.edu/graduate-program/prospective-students/contact-us
https://www.cs.utexas.edu/about,https://www.cs.utexas.edu/graduate-program/masters-program
https://www.cs.utexas.edu/about,https://www.cs.utexas.edu/graduate-program/masters-program/coursework-option
https://www.cs.utexas.edu/about,https://www.cs.utexas.edu/graduate-program/masters-program/thesis-option
https://www.cs.utexas.edu/about,https://www.cs.utexas.edu/graduate-program/masters-program/msonline
https://www.cs.utexas.edu/about,https://ms-datascience.utexas.edu/
https://www.cs.utexas.edu/about,https://www.cs.utexas.edu/graduate-program/phd-program
https://www.cs.utexas.edu/about,https://www.cs.utexas.edu/graduate-program/phd-program/phd-steps-degree
https://www.cs.utexas.edu/about,https://www.cs.utexas.edu/graduate/phd-program/degree-requirements
https://www.cs.utexas.edu/about,https://www.cs.utexas.edu/graduate-program/phd-program/advancing-candidacy
https://www.cs.utexas.edu/about,https://www.cs.utexas.edu/graduate-program/phd-program/final-defense
https://www.cs.utexas.edu/about,https://www.cs.utexas.edu/phd-commencement
https://www.cs.utexas.edu/about,https://www.cs.utexas.edu/graduate-program/courses
https://www.cs.utexas.edu/about,http://registrar.utexas.edu/schedules/
https://www.cs.utexas.edu/about,https://www.cs.utexas.edu/graduate/courses/diversity-courses
https://www.cs.utexas.edu/about,https://www.cs.utexas.edu/graduate-program/courses/former-program
https://www.cs.utexas.edu/about,https://www.cs.utexas.edu/graduate-program/courses/teaching-plans
https://www.cs.utexas.edu/about,https://www.cs.utexas.edu/graduate-program/financial-information
https://www.cs.utexas.edu/about,https://www.cs.utexas.edu/graduate-program/incoming-students
https://www.cs.utexas.edu/about,https://www.cs.utexas.edu/graduate-program/current-students/student-homepages
https://www.cs.utexas.edu/about,http://robotics.utexas.edu/education
https://www.cs.utexas.edu/about,https://www.cs.utexas.edu/graduate-program/current-students/research-career-advice
https://www.cs.utexas.edu/about,http://www.cs.utexas.edu/~gracs/
https://www.cs.utexas.edu/about,https://www.cs.utexas.edu/graduate-program/curricular-practical-training
https://www.cs.utexas.edu/about,https://apps.cs.utexas.edu/calendar/grad-talks
https://www.cs.utexas.edu/about,https://www.cs.utexas.edu/outreach
https://www.cs.utexas.edu/about,https://www.cs.utexas.edu/outreach/camps
https://www.cs.utexas.edu/about,https://www.cs.utexas.edu/outreach/roadshow
https://www.cs.utexas.edu/about,https://www.cs.utexas.edu/outreach/explore-ut
https://www.cs.utexas.edu/about,https://www.cs.utexas.edu/outreach/diversity-initiatives
https://www.cs.utexas.edu/about,https://www.cs.utexas.edu/outreach/coding-classroom
https://www.cs.utexas.edu/about,https://www.cs.utexas.edu/industry
https://www.cs.utexas.edu/about,https://www.cs.utexas.edu/industry/focs/partners
https://www.cs.utexas.edu/about,https://www.cs.utexas.edu/industry/friends-computer-science/program-features
https://www.cs.utexas.edu/about,https://www.cs.utexas.edu/industry/how-participate
https://www.cs.utexas.edu/about,https://utexas.qualtrics.com/jfe/form/SV_9ZwguCGpfD9yqqN
https://www.cs.utexas.edu/about,https://www.cs.utexas.edu/industry/diversity
https://www.cs.utexas.edu/about,https://robotics.utexas.edu/robotics-consortium
https://www.cs.utexas.edu/about,https://www.cs.utexas.edu/industry/systems-research-consortium
https://www.cs.utexas.edu/about,https://www.cs.utexas.edu/alumni
https://www.cs.utexas.edu/about,https://www.cs.utexas.edu/alumni/get-involved
https://www.cs.utexas.edu/about,https://www.cs.utexas.edu/alumni/events
https://www.cs.utexas.edu/about,https://www.cs.utexas.edu/giving
https://www.cs.utexas.edu/about,https://www.cs.utexas.edu/giving/why
https://www.cs.utexas.edu/about,https://www.cs.utexas.edu/giving/how
https://www.cs.utexas.edu/about,https://www.cs.utexas.edu/advisory-council
https://www.cs.utexas.edu/about,https://www.cs.utexas.edu/directory/don-fussell
https://www.cs.utexas.edu/about,https://cns.utexas.edu/diversity
https://www.cs.utexas.edu/about,http://www.cmd-it.org/programs/current/flip-alliance/
https://www.cs.utexas.edu/about,https://www.cs.utexas.edu/industry/computing-diversity
https://www.cs.utexas.edu/about,https://www.cs.utexas.edu/outreach/student-conferences-and-diversity-initiatives
https://www.cs.utexas.edu/about,http://texasabcs.org/
https://www.cs.utexas.edu/about,http://codeorange.io/
https://www.cs.utexas.edu/about,http://texashacs.org/
https://www.cs.utexas.edu/about,http://texasqplusplus.com/
https://www.cs.utexas.edu/about,http://www.cs.utexas.edu/~wics/
https://www.cs.utexas.edu/about,https://www.cs.utexas.edu/undergraduate-program/about-us
https://www.cs.utexas.edu/about,https://apps.cs.utexas.edu/camp/
https://www.cs.utexas.edu/about,https://www.cs.utexas.edu/undergraduate-program/academics/certificate-programs/game-development
https://www.cs.utexas.edu/about,https://www.cs.utexas.edu/undergraduate-program/academics/certificate-programs/infosec
https://www.cs.utexas.edu/about,https://www.cs.utexas.edu/undergraduate/academics/certificate-programs/mobile-computing
https://www.cs.utexas.edu/about,http://www.1semesterstartup.com/
https://www.cs.utexas.edu/about,https://cns.utexas.edu/fri
https://www.cs.utexas.edu/about,https://www.cs.utexas.edu/longhorn-startup
https://www.cs.utexas.edu/about,https://www.cs.utexas.edu/undergraduate-program/interdisciplinary-study-certificate-programs-and-study-abroad/study-abroad
https://www.cs.utexas.edu/about,http://uteachweb.cns.utexas.edu/
https://www.cs.utexas.edu/about,http://www.utexas.edu/maps/main/buildings/pob.html
https://www.cs.utexas.edu/about,http://www.facebook.com/UTCompSci
https://www.cs.utexas.edu/about,https://twitter.com/UTCompSci
https://www.cs.utexas.edu/about,https://www.youtube.com/user/UTexasCompSci
https://www.cs.utexas.edu/about,https://www.linkedin.com/company/department-of-computer-science-the-university-of-texas-at-austin
https://www.cs.utexas.edu/about,https://www.instagram.com/utcompsci/
https://www.cs.utexas.edu/about,https://www.cs.utexas.edu/about/mission-statement
https://www.cs.utexas.edu/about,https://emergency.utexas.edu/
https://www.cs.utexas.edu/about,https://www.utexas.edu/site-policies
https://www.cs.utexas.edu/about,https://cio.utexas.edu/policies/web-accessibility
https://www.cs.utexas.edu/about,https://cio.utexas.edu/policies/web-privacy
https://coronavirus.utexas.edu/,https://protect.utexas.edu/campus-operations/
https://coronavirus.utexas.edu/,https://coronavirus.utexas.edu/campus-covid-19-testing
https://coronavirus.utexas.edu/,http://www.utexas.edu/
https://coronavirus.utexas.edu/,https://coronavirus.utexas.edu/campus-announcements
https://coronavirus.utexas.edu/,https://coronavirus.utexas.edu/ut-austin-covid-19-dashboard
https://coronavirus.utexas.edu/,https://healthyhorns.utexas.edu/coronavirus.html
https://coronavirus.utexas.edu/,https://healthyhorns.utexas.edu/coronavirus_exposure_action_chart.html
https://coronavirus.utexas.edu/,https://coronavirus.utexas.edu/students
https://coronavirus.utexas.edu/,https://coronavirus.utexas.edu/staff
https://coronavirus.utexas.edu/,https://coronavirus.utexas.edu/faculty
https://coronavirus.utexas.edu/,https://coronavirus.utexas.edu/parents
https://coronavirus.utexas.edu/,https://coronavirus.utexas.edu/travel-guidelines
https://coronavirus.utexas.edu/,https://coronavirus.utexas.edu/event-guidelines
https://coronavirus.utexas.edu/,https://utexas.box.com/s/wxlmh2jxtiqmx3b74yt9gjsgk6x6kv8l
https://coronavirus.utexas.edu/,https://giving.utexas.edu/covid-research/
https://coronavirus.utexas.edu/,https://experts.utexas.edu/event/coronavirus
https://coronavirus.utexas.edu/,https://covid.provost.utexas.edu/research
https://coronavirus.utexas.edu/,https://protect.utexas.edu/
https://coronavirus.utexas.edu/,https://coronavirus.utexas.edu/node/42
https://coronavirus.utexas.edu/,https://coronavirus.utexas.edu/node/43
https://coronavirus.utexas.edu/,https://coronavirus.utexas.edu/node/44
https://coronavirus.utexas.edu/,https://coronavirus.utexas.edu/node/53
https://coronavirus.utexas.edu/,https://news.utexas.edu/2020/12/01/watch-key-innovation-from-ut-austins-mclellan-lab-powers-covid-19-vaccines/
https://coronavirus.utexas.edu/,https://news.utexas.edu/2020/11/25/tips-on-building-your-resilience/
https://coronavirus.utexas.edu/,https://news.utexas.edu/2020/11/01/voces-oral-history-center-documents-how-latino-community-is-being-affected-by-covid-19/
https://coronavirus.utexas.edu/,https://news.utexas.edu/tag/covid-19/
https://coronavirus.utexas.edu/,https://giving.utexas.edu/coronavirus/
https://coronavirus.utexas.edu/,https://onestop.utexas.edu/faq-covid19/
https://coronavirus.utexas.edu/,https://global.utexas.edu/about/news-media/coronavirus
https://coronavirus.utexas.edu/,http://www.healthyhorns.utexas.edu/coronavirus.html
https://coronavirus.utexas.edu/,https://www.who.int/health-topics/coronavirus
https://coronavirus.utexas.edu/,https://www.cdc.gov/coronavirus/2019-ncov/index.html?CDC_AA_refVal=https%3A%2F%2Fwww.cdc.gov%2Fcoronavirus%2Findex.html
https://coronavirus.utexas.edu/,http://www.facebook.com/UTAustinTX
https://coronavirus.utexas.edu/,http://twitter.com/utaustin
https://coronavirus.utexas.edu/,https://cmhc.utexas.edu/
https://coronavirus.utexas.edu/,https://healthyhorns.utexas.edu/
https://coronavirus.utexas.edu/,https://eap.utexas.edu/
https://coronavirus.utexas.edu/,http://www.utexas.edu/emergency
https://coronavirus.utexas.edu/,http://www.utexas.edu/site-policies
https://coronavirus.utexas.edu/,http://www.utexas.edu/web-accessibility-policy
https://coronavirus.utexas.edu/,http://www.utexas.edu/web-privacy-policy
https://coronavirus.utexas.edu/,https://get.adobe.com/reader/
https://www.utexas.edu/,https://my.utexas.edu/
https://www.utexas.edu/,https://www.utexas.edu/faculty-and-staff-resources
https://www.utexas.edu/,https://www.utexas.edu/alumni-resources
https://www.utexas.edu/,https://www.utexas.edu/visitor-resources
https://www.utexas.edu/,http://maps.utexas.edu/
https://www.utexas.edu/,http://www.utexas.edu/directory/
https://www.utexas.edu/,https://utdirect.utexas.edu/
https://www.utexas.edu/,https://giving.utexas.edu/
https://www.utexas.edu/,https://www.utexas.edu/apply
https://www.utexas.edu/,https://www.utexas.edu/about
https://www.utexas.edu/,https://www.utexas.edu/academics/academic-experience
https://www.utexas.edu/,https://www.utexas.edu/academics/areas-of-study
https://www.utexas.edu/,http://extendedcampus.utexas.edu/
https://www.utexas.edu/,https://www.engr.utexas.edu/
https://www.utexas.edu/,https://education.utexas.edu/
https://www.utexas.edu/,https://finearts.utexas.edu/
https://www.utexas.edu/,https://liberalarts.utexas.edu/
https://www.utexas.edu/,https://pharmacy.utexas.edu/
https://www.cs.utexas.edu/coronavirus,https://www.cs.utexas.edu/coronavirus
https://www.cs.utexas.edu/graduate-program/forms,https://www.docusign.net/Member/PowerFormSigning.aspx?PowerFormId=d5979473-986c-4e05-a8ac-5c696b25fb98&acct=d40a37d5-d708-44dd-9ea7-aab378b81326&env=na1&v=2
https://www.cs.utexas.edu/graduate-program/forms,https://www.docusign.net/Member/PowerFormSigning.aspx?PowerFormId=b06af2c7-4c5f-4d62-a552-cd82b386005f&acct=d40a37d5-d708-44dd-9ea7-aab378b81326&env=na1&v=2
https://www.cs.utexas.edu/graduate-program/forms,https://powerforms.docusign.net/7b089a09-0267-4996-8e25-b04de985cdd5?acct=d40a37d5-d708-44dd-9ea7-aab378b81326&env=na1
https://www.cs.utexas.edu/graduate-program/forms,https://powerforms.docusign.net/bf182fd4-ab1f-412b-b48a-c022628f3506?acct=d40a37d5-d708-44dd-9ea7-aab378b81326&env=na1
https://www.cs.utexas.edu/graduate-program/forms,https://gradschool.utexas.edu/academics/forms
https://www.utexas.edu/,https://dellmed.utexas.edu/
https://www.utexas.edu/,https://gradschool.utexas.edu/
https://www.utexas.edu/,http://www.jsg.utexas.edu/
https://www.utexas.edu/,https://lbj.utexas.edu/
https://www.utexas.edu/,https://www.mccombs.utexas.edu/
https://www.utexas.edu/,https://moody.utexas.edu/
https://www.utexas.edu/,https://soa.utexas.edu/
https://www.utexas.edu/,https://www.ischool.utexas.edu/
https://www.utexas.edu/,https://law.utexas.edu/
https://www.utexas.edu/,https://nursing.utexas.edu/
https://www.utexas.edu/,https://socialwork.utexas.edu/
https://www.utexas.edu/,https://ugs.utexas.edu/
https://www.utexas.edu/,http://admissions.utexas.edu/
https://www.cs.utexas.edu/events,https://www.cs.utexas.edu/events
https://www.utexas.edu/,http://gradschool.utexas.edu/admissions
https://www.utexas.edu/,http://law.utexas.edu/admissions/
https://www.utexas.edu/,http://dellmedschool.utexas.edu/prospective-students
https://www.utexas.edu/,http://admissions.utexas.edu/tuition
https://www.utexas.edu/,http://finaid.utexas.edu/
https://www.utexas.edu/,http://admissions.utexas.edu/visit
https://www.utexas.edu/,https://www.utexas.edu/campus-life/arts-and-culture
https://www.cs.utexas.edu/news/2020/ut-austin-selected-home-national-ai-institute-focused-machine-learning,https://www.cs.utexas.edu/news/2020/ut-austin-selected-home-national-ai-institute-focused-machine-learning
https://cns.utexas.edu/,https://cns.utexas.edu/information-technology/help-request-forms
https://cns.utexas.edu/,https://utexas.edu/
https://cns.utexas.edu/,https://cns.utexas.edu/giving
https://cns.utexas.edu/,https://cns.utexas.edu/news
https://cns.utexas.edu/,https://cns.utexas.edu/events/month.calendar/2020/12/10/-
https://cns.utexas.edu/,https://cns.utexas.edu/outreach
https://cns.utexas.edu/,https://cns.utexas.edu/directory/search
https://cns.utexas.edu/,https://cns.utexas.edu/students
https://cns.utexas.edu/,https://cns.utexas.edu/students/future
https://cns.utexas.edu/,https://cns.utexas.edu/students/degrees-majors-advising
https://cns.utexas.edu/,https://cns.utexas.edu/honors
https://cns.utexas.edu/,https://cns.utexas.edu/innovative-education
https://cns.utexas.edu/,https://cns.utexas.edu/student-communities
https://www.utexas.edu/,https://www.utexas.edu/campus-life/campus-destinations
https://www.utexas.edu/,https://www.utexas.edu/campus-life/entrepreneurship-and-innovation
https://www.utexas.edu/,https://www.utexas.edu/campus-life/health-and-wellness
https://www.utexas.edu/,https://www.utexas.edu/campus-life/housing-and-dining
https://www.utexas.edu/,https://www.utexas.edu/campus-life/life-in-austin
https://www.utexas.edu/,https://www.utexas.edu/campus-life/report-misconduct
https://www.utexas.edu/,https://www.utexas.edu/campus-life/safety-and-security
https://cns.utexas.edu/,https://cns.utexas.edu/international-study/study-abroad-by-major
https://cns.utexas.edu/,https://cns.utexas.edu/career-services
https://cns.utexas.edu/,https://cns.utexas.edu/graduate-education/graduate-programs
https://cns.utexas.edu/,https://cns.utexas.edu/graduate-education
https://cns.utexas.edu/,https://cns.utexas.edu/student-life-organizations
https://cns.utexas.edu/,https://cns.utexas.edu/health-professions
https://cns.utexas.edu/,https://cns.utexas.edu/students/support
https://cns.utexas.edu/,https://cns.utexas.edu/students/degrees-majors-advising/graduation
https://cns.utexas.edu/,https://cns.utexas.edu/innovative-education/volunteering-outreach
https://cns.utexas.edu/,https://cns.utexas.edu/degree-checklists
https://cns.utexas.edu/,https://cns.utexas.edu/faculty-research
https://cns.utexas.edu/,https://cns.utexas.edu/directory?clean=1&filter_name%5B0%5D=filter_k00d30fd9c5f095b1aa56604535dccad8&filter_val%5B0%5D%5B%5D=Faculty&filter_val%5B0%5D%5B%5D=Instructor&filter_val%5B0%5D%5B%5D=Lecturer&ion_id=1&item_id=538&option=com_cobalt&task=records.filter
https://www.utexas.edu/,https://www.utexas.edu/campus-life/student-involvement
https://www.utexas.edu/,https://www.utexas.edu/research/overview
https://www.utexas.edu/,https://www.utexas.edu/research/student-research
https://www.utexas.edu/,https://www.utexas.edu/research/units-and-centers
https://www.utexas.edu/,https://www.utexas.edu/research/off-campus-research-sites
https://www.utexas.edu/,https://www.utexas.edu/research/libraries
https://www.utexas.edu/,http://experts.utexas.edu/
https://www.utexas.edu/,https://www.utexas.edu/athletics/overview
https://www.utexas.edu/,http://www.texassports.com/
https://www.utexas.edu/,http://ev9.evenue.net/cgi-bin/ncommerce3/EVExecMacro?evm=main&linkID=tex-ath
https://www.utexas.edu/,http://shop.texassports.com/
https://www.utexas.edu/,https://news.utexas.edu/
https://www.utexas.edu/,https://admissions.utexas.edu/apply/freshman-admission
https://www.utexas.edu/,https://news.utexas.edu/2020/11/20/ut-austin-students-to-tackle-global-challenges-on-3-continents/
https://www.cs.utexas.edu/undergraduate-program/admissions/schedule-visit,https://www.cs.utexas.edu/undergraduate-program/admissions/schedule-visit
https://www.cs.utexas.edu/news/2020/alumni-gift-launches-new-ai-institute,https://www.cs.utexas.edu/news/2020/alumni-gift-launches-new-ai-institute
https://www.cs.utexas.edu/news/2020/mission-accomplished,https://www.cs.utexas.edu/news/2020/mission-accomplished
https://cns.utexas.edu/,https://cns.utexas.edu/faculty-research/honors-awards
https://cns.utexas.edu/,https://cns.utexas.edu/faculty-research/centers-institutes
https://cns.utexas.edu/,https://cns.utexas.edu/faculty-research/research-areas
https://cns.utexas.edu/,https://cns.utexas.edu/faculty-research/core-facilities
https://cns.utexas.edu/,https://cns.utexas.edu/deans-office/research-facilities/research-restart
https://cns.utexas.edu/,https://cns.utexas.edu/swe
https://cns.utexas.edu/,https://cns.utexas.edu/faculty-research/the-texas-innovation-center
https://cns.utexas.edu/,https://cns.utexas.edu/faculty-affairs
https://cns.utexas.edu/,https://cns.utexas.edu/deans-office/research-facilities
https://cns.utexas.edu/,https://cns.utexas.edu/strategic-research-initiatives
https://cns.utexas.edu/,https://cns.utexas.edu/postdocs
https://cns.utexas.edu/,https://cns.utexas.edu/teaching-portal
https://cns.utexas.edu/,https://facultyjobs.utexas.edu/natural-sciences
https://cns.utexas.edu/,https://cns.utexas.edu/staff
https://cns.utexas.edu/,https://cns.utexas.edu/directory?filter_name%5B0%5D=filter_k00d30fd9c5f095b1aa56604535dccad8&filter_val%5B0%5D=Staff&ion_id=1&item_id=289filter_v&option=com_cobalt&task=records.filter
https://cns.utexas.edu/,https://cns.utexas.edu/about/excellence-awards
https://www.utexas.edu/,https://news.utexas.edu/2020/12/01/texas-coronavirus-scientists-win-award-for-research-with-great-societal-benefit/
https://www.utexas.edu/,https://news.utexas.edu/2020/12/03/changing-the-world-through-dance/
https://www.utexas.edu/,https://www.news.utexas.edu/
https://www.utexas.edu/,https://calendar.utexas.edu/
https://www.utexas.edu/,https://www.utexas.edu/first-class-is-public
https://www.utexas.edu/,https://www.utexas.edu/high-impact-research
https://www.utexas.edu/,https://www.utexas.edu/transforming-health-care
https://www.utexas.edu/,https://www.utexas.edu/creating-more-vibrant-texas
https://www.utexas.edu/,https://admissions.utexas.edu/
https://www.utexas.edu/,https://admissions.utexas.edu/explore
https://www.utexas.edu/,https://onestop.utexas.edu/managing-costs/cost-tuition-rates/
https://www.utexas.edu/,https://admissions.utexas.edu/visit
https://www.utexas.edu/,https://diversity.utexas.edu/
https://www.utexas.edu/,https://facultyjobs.utexas.edu/
https://www.utexas.edu/,http://econnect.utexas.edu/utexas-newsletter-signup
https://www.utexas.edu/,https://instagram.com/utaustintx
https://www.utexas.edu/,https://www.linkedin.com/edu/the-university-of-texas-at-austin-19518
https://www.utexas.edu/,http://www.youtube.com/utaustintexas
https://www.cs.utexas.edu/news/2020/txcs-alumnus-greg-kuhlmann-aims-help-others-succeed-making-anti-fraud-systems-more,https://www.cs.utexas.edu/news/2020/txcs-alumnus-greg-kuhlmann-aims-help-others-succeed-making-anti-fraud-systems-more
https://cns.utexas.edu/,https://cns.utexas.edu/staff-committee
https://cns.utexas.edu/,https://cns.utexas.edu/staff/celebration/about-staff-week
https://cns.utexas.edu/,https://cns.utexas.edu/deans-office/business-services
https://cns.utexas.edu/,https://cns.utexas.edu/information-technology
https://cns.utexas.edu/,https://cns.utexas.edu/about/excellence-awards?id=116
https://cns.utexas.edu/,https://cns.utexas.edu/alumni-friends
https://cns.utexas.edu/,https://cns.utexas.edu/alumni-friends/get-involved
https://cns.utexas.edu/,https://cns.utexas.edu/giving/how-to-make-a-gift
https://cns.utexas.edu/,https://advisorycouncil.cns.utexas.edu/
https://cns.utexas.edu/,https://cns.utexas.edu/deans-office/office-of-development
https://cns.utexas.edu/,https://cns.utexas.edu/news/tags/alumni
https://cns.utexas.edu/,https://cns.utexas.edu/about
https://cns.utexas.edu/,https://cns.utexas.edu/about/departments
https://cns.utexas.edu/,https://cns.utexas.edu/about/facts
https://www.utexas.edu/,https://onestop.utexas.edu/cares-act-compliance/
https://www.utexas.edu/,https://www.utexas.edu/contact-us
https://www.utexas.edu/,https://diversity.utexas.edu/diversity-and-inclusion-action-plan/
https://www.utexas.edu/,https://diversity.utexas.edu/disability-resources/
https://www.utexas.edu/,http://emergency.utexas.edu/
https://www.utexas.edu/,https://www.utexas.edu/fraud-waste-or-abuse
https://www.utexas.edu/,https://hazing.utexas.edu/
https://www.utexas.edu/,https://www.utexas.edu/jobs
https://www.utexas.edu/,http://www.thecb.state.tx.us/apps/resumes/
https://www.utexas.edu/,https://www.utexas.edu/public-forum
https://www.utexas.edu/,http://www.texas.gov/en/Pages/default.aspx
https://www.utexas.edu/,https://www.tsl.texas.gov/trail/index.html
https://www.utexas.edu/,http://gov.texas.gov/
https://www.utexas.edu/,https://veterans.portal.texas.gov/
https://www.utexas.edu/,https://titleix.utexas.edu/file-a-report/
https://www.utexas.edu/,http://www.utsystem.edu/
https://www.utexas.edu/,https://www.utexas.edu/web-accessibility-policy
https://www.utexas.edu/,https://www.utexas.edu/web-privacy-policy
https://www.cs.utexas.edu/faculty/recruiting,https://www.cs.utexas.edu/faculty/recruiting
https://cns.utexas.edu/,https://cns.utexas.edu/about/libraries-collections
https://cns.utexas.edu/,https://cns.utexas.edu/about/hall-of-honor
https://cns.utexas.edu/,https://cns.utexas.edu/about/contacts
https://cns.utexas.edu/,https://cns.utexas.edu/about/maps-directions
https://cns.utexas.edu/,https://cns.utexas.edu/deans-office
https://cns.utexas.edu/,https://cns.utexas.edu/deans-office/college-leadership
https://cns.utexas.edu/,https://cns.utexas.edu/communications
https://cns.utexas.edu/,https://cns.utexas.edu/deans-office/strategy-planning
https://cns.utexas.edu/,https://cns.utexas.edu/undergraduate-education
https://cns.utexas.edu/,http://2glux.com/projects/jumi
https://cns.utexas.edu/,https://cns.utexas.edu/news/natural-sciences-council-president-leads-by-serving-others
https://cns.utexas.edu/,https://cns.utexas.edu/news/texas-coronavirus-scientists-win-award-for-research-with-great-societal-benefit-1
https://cns.utexas.edu/,https://cns.utexas.edu/news/hetdex-project-on-track-to-probe-dark-energy
https://cns.utexas.edu/,https://cns.utexas.edu/news/for-elders-who-live-alone-in-person-visits-shown-to-boost-mood
https://cns.utexas.edu/,https://cns.utexas.edu/events/icalrepeat.detail/2020/12/10/3820/-/science-under-the-stars-animal-brains
https://www.cs.utexas.edu/people,https://www.cs.utexas.edu/people/faculty-researchers/scott-aaronson
https://www.cs.utexas.edu/people,https://www.cs.utexas.edu/research/areas/theoretical-computer-science
https://www.cs.utexas.edu/research/ut-research-links,http://www.utexas.edu/research/
https://www.cs.utexas.edu/research/research-seminars,https://www.cs.utexas.edu/act
https://www.cs.utexas.edu/research/research-seminars,https://www.ices.utexas.edu/research/centers-groups/cvc/
https://www.cs.utexas.edu/research/research-seminars,https://www.cs.utexas.edu/users/dmg/
https://www.cs.utexas.edu/research/research-seminars,http://www.cs.utexas.edu/users/ai-lab/fai/
https://www.cs.utexas.edu/research/research-seminars,https://www.cs.utexas.edu/lasr/
https://www.cs.utexas.edu/research/research-seminars,http://www.cs.utexas.edu/events/pl_lunch
https://www.cs.utexas.edu/research/research-seminars,https://sites.google.com/a/utexas.edu/pl-reading-group/
https://www.cs.utexas.edu/news/2017/systems-research-consortium-brings-together-industry-and-academic-research-efforts,https://www.cs.utexas.edu/news/2017/systems-research-consortium-brings-together-industry-and-academic-research-efforts
https://www.cs.utexas.edu/news/2020/tech-startup-powered-two-computer-science-professors-teams-intel,https://www.cs.utexas.edu/news/2020/tech-startup-powered-two-computer-science-professors-teams-intel
https://cns.utexas.edu/,https://cns.utexas.edu/events/icalrepeat.detail/2020/12/10/3820/-/science-under-the-stars-animal-brains?filter_reset=1
https://cns.utexas.edu/,https://cns.utexas.edu/events/icalrepeat.detail/2020/12/11/3822/-/ut-nutrition-institute-nutrition-and-the-brain-how-does-diet-impact-mental-health
https://cns.utexas.edu/,https://cns.utexas.edu/events/icalrepeat.detail/2020/12/11/3822/-/ut-nutrition-institute-nutrition-and-the-brain-how-does-diet-impact-mental-health?filter_reset=1
https://cns.utexas.edu/,https://cns.utexas.edu/events/icalrepeat.detail/2020/12/11/3830/-/live-deep-sky-tour
https://cns.utexas.edu/,https://cns.utexas.edu/events/icalrepeat.detail/2020/12/11/3830/-/live-deep-sky-tour?filter_reset=1
https://cns.utexas.edu/,https://cns.utexas.edu/tides/undergraduate/experiential-learning-resources
https://cns.utexas.edu/,https://cns.utexas.edu/students/degrees-majors-advising/graduation/virtual-ceremony-2020
https://cns.utexas.edu/,https://www.facebook.com/texasscience
https://cns.utexas.edu/,https://twitter.com/texasscience
https://cns.utexas.edu/,https://www.linkedin.com/groups/4383842/
https://cns.utexas.edu/,https://www.flickr.com/photos/utcns/albums
https://cns.utexas.edu/,https://www.youtube.com/user/utexasCNS
https://cns.utexas.edu/,https://instagram.com/texasscience
https://cns.utexas.edu/,https://cns.utexas.edu/point
https://www.cs.utexas.edu/coronavirus,https://www.utexas.edu/coronavirus
https://www.cs.utexas.edu/people,https://www.cs.utexas.edu/people/faculty-researchers/sarah-abraham
https://www.cs.utexas.edu/people,https://www.cs.utexas.edu/research/areas/graphics-and-visualization
https://www.cs.utexas.edu/people,https://www.cs.utexas.edu/people/faculty-researchers/lorenzo-alvisi
https://www.cs.utexas.edu/people,https://www.cs.utexas.edu/research/areas/operating-systems-distributed-systems-and-networking
https://www.cs.utexas.edu/people,https://www.cs.utexas.edu/people/faculty-researchers/yosi-atia
https://www.cs.utexas.edu/people,https://www.cs.utexas.edu/people/faculty-researchers/joshua-baer
https://www.cs.utexas.edu/people,https://www.cs.utexas.edu/people/faculty-researchers/chandrajit-bajaj
https://www.cs.utexas.edu/people,https://www.cs.utexas.edu/research/areas/bioinformatics-and-computational-biology
https://www.cs.utexas.edu/people,https://www.cs.utexas.edu/research/areas/data-mining-machine-learning-and-natural-computation
https://www.cs.utexas.edu/people,https://www.cs.utexas.edu/research/areas/scientific-computing
https://www.cs.utexas.edu/people,https://www.cs.utexas.edu/people/faculty-researchers/dana-ballard
https://www.cs.utexas.edu/people,https://www.cs.utexas.edu/research/areas/artificial-intelligence
https://www.cs.utexas.edu/people,https://www.cs.utexas.edu/people/faculty-researchers/don-batory
https://www.cs.utexas.edu/research/ut-research-links,http://www.ece.utexas.edu/
https://www.cs.utexas.edu/research/ut-research-links,http://www.me.utexas.edu/graduate/areas/orie
https://www.cs.utexas.edu/research/ut-research-links,http://ccbb.biosci.utexas.edu/
https://www.cs.utexas.edu/research/ut-research-links,http://rene.ma.utexas.edu/CNA/
https://www.cs.utexas.edu/research/ut-research-links,http://www.cerc.utexas.edu/
https://www.cs.utexas.edu/research/ut-research-links,http://www.tacc.utexas.edu/
https://www.cs.utexas.edu/research/ut-research-links,http://www.ices.utexas.edu/
https://www.cs.utexas.edu/news/2017/faculty-and-students-across-campus-collaborate-robotics-consortium,https://www.cs.utexas.edu/news/2017/faculty-and-students-across-campus-collaborate-robotics-consortium
https://www.cs.utexas.edu/news/2020/leaving-their-mark,https://www.cs.utexas.edu/news/2020/leaving-their-mark
https://cns.utexas.edu/,https://astronomy.utexas.edu/
https://cns.utexas.edu/,https://cm.utexas.edu/
https://cns.utexas.edu/,https://integrativebio.utexas.edu/
https://cns.utexas.edu/,https://utmsi.utexas.edu/
https://cns.utexas.edu/,https://www.ma.utexas.edu/
https://cns.utexas.edu/,https://molecularbiosci.utexas.edu/
https://cns.utexas.edu/,https://neuroscience.utexas.edu/
https://cns.utexas.edu/,https://stat.utexas.edu/
https://cns.utexas.edu/,https://ph.utexas.edu/
https://cns.utexas.edu/,https://he.utexas.edu/
https://cns.utexas.edu/,https://he.utexas.edu/hdfs
https://cns.utexas.edu/,https://he.utexas.edu/ntr
https://cns.utexas.edu/,https://cns.utexas.edu/advising/advising-centers
https://cns.utexas.edu/,https://cns.utexas.edu/tides/undergraduate/undergraduate-research
https://cns.utexas.edu/,https://cns.utexas.edu/bio
https://cns.utexas.edu/,https://www.utexas.edu/maps/
https://cns.utexas.edu/,https://cns.utexas.edu/log-on-off
https://cns.utexas.edu/,https://cns.utexas.edu/sitemap
https://cns.utexas.edu/,https://cns.utexas.edu/help
https://www.cs.utexas.edu/coronavirus,https://facultyinnovate.utexas.edu/instructional-continuity
https://www.cs.utexas.edu/coronavirus,https://utexas.instructure.com/courses/1278503
https://www.cs.utexas.edu/people,https://www.cs.utexas.edu/research/areas/formal-methods
https://www.cs.utexas.edu/people,https://www.cs.utexas.edu/research/areas/model-driven-engineering
https://www.cs.utexas.edu/people,https://www.cs.utexas.edu/research/areas/programming-languages-and-implementation
https://www.cs.utexas.edu/people,https://www.cs.utexas.edu/people/faculty-researchers/angela-beasley
https://www.cs.utexas.edu/people,https://www.cs.utexas.edu/people/faculty-researchers/joydeep-biswas
https://www.cs.utexas.edu/people,https://www.cs.utexas.edu/people/faculty-researchers/james-bornholt
https://www.cs.utexas.edu/people,https://www.cs.utexas.edu/people/faculty-researchers/robert-boyer
https://www.cs.utexas.edu/people,https://www.cs.utexas.edu/people/faculty-researchers/william-bulko
https://www.cs.utexas.edu/people,https://www.cs.utexas.edu/people/faculty-researchers/anna-chaney
https://www.cs.utexas.edu/people,https://www.cs.utexas.edu/people/faculty-researchers/siddhartha-chatterjee
https://www.cs.utexas.edu/people,https://www.cs.utexas.edu/research/areas/computer-architecture
https://www.cs.utexas.edu/people,https://www.cs.utexas.edu/people/faculty-researchers/swarat-chaudhuri
https://www.cs.utexas.edu/people,https://www.cs.utexas.edu/people/faculty-researchers/vijay-chidambaram
https://www.cs.utexas.edu/people,https://www.cs.utexas.edu/people/faculty-researchers/eunsol-choi
https://www.cs.utexas.edu/people,https://www.cs.utexas.edu/people/faculty-researchers/alan-cline
https://www.cs.utexas.edu/people,https://www.cs.utexas.edu/people/faculty-researchers/shirley-cohen
https://www.cs.utexas.edu/people,https://www.cs.utexas.edu/people/faculty-researchers/william-cook
https://www.cs.utexas.edu/people,https://www.cs.utexas.edu/people/faculty-researchers/inderjit-dhillon
https://www.cs.utexas.edu/people,https://www.cs.utexas.edu/people/faculty-researchers/isil-dillig
https://www.cs.utexas.edu/people,https://www.cs.utexas.edu/research/areas/security
https://www.cs.utexas.edu/people,https://www.cs.utexas.edu/people/faculty-researchers/glenn-downing
https://www.cs.utexas.edu/people,https://www.cs.utexas.edu/people/faculty-researchers/greg-durrett
https://www.cs.utexas.edu/people,https://www.cs.utexas.edu/people/faculty-researchers/e-allen-emerson
https://www.cs.utexas.edu/people,https://www.cs.utexas.edu/people/faculty-researchers/fares-fraij
https://www.cs.utexas.edu/people,https://www.cs.utexas.edu/people/faculty-researchers/don-fussell
https://www.cs.utexas.edu/people,https://www.cs.utexas.edu/people/faculty-researchers/anna-gal
https://www.cs.utexas.edu/people,https://www.cs.utexas.edu/people/faculty-researchers/ahmed-gheith
https://www.cs.utexas.edu/events,https://apps.cs.utexas.edu/calendar/events/297301
https://www.cs.utexas.edu/events,https://apps.cs.utexas.edu/calendar/events/297198
https://www.cs.utexas.edu/events,https://apps.cs.utexas.edu/calendar/events/297297
https://www.cs.utexas.edu/events,https://apps.cs.utexas.edu/calendar/events/297278
https://www.cs.utexas.edu/events,https://apps.cs.utexas.edu/calendar/events/297279
https://www.cs.utexas.edu/events,https://apps.cs.utexas.edu/calendar/events/297298
https://www.cs.utexas.edu/events,https://apps.cs.utexas.edu/calendar/events/297280
https://emergency.utexas.edu/,https://emergency.utexas.edu/user/login
https://emergency.utexas.edu/,https://emergency.utexas.edu/about
https://emergency.utexas.edu/,https://emergency.utexas.edu/preparedness
https://emergency.utexas.edu/,https://emergency.utexas.edu/resources
https://emergency.utexas.edu/,https://emergency.utexas.edu/tel:911
https://emergency.utexas.edu/,https://www.facebook.com/utaustinpolice
https://www.cs.utexas.edu/coronavirus,https://www.cs.utexas.edu/facilities-documentation/utcs-work-home-and-online-instruction-resources
https://www.cs.utexas.edu/coronavirus,https://utexas.zoom.us/
https://www.cs.utexas.edu/coronavirus,https://zoom.its.utexas.edu/
https://www.cs.utexas.edu/coronavirus,https://apps.cs.utexas.edu/helpreq/index.scgi
https://www.cs.utexas.edu/people,https://www.cs.utexas.edu/people/faculty-researchers/hans-ulrich-grasemann
https://www.cs.utexas.edu/people,https://www.cs.utexas.edu/people/faculty-researchers/kristen-grauman
https://www.cs.utexas.edu/people,https://www.cs.utexas.edu/people/faculty-researchers/justin-hart
https://www.cs.utexas.edu/people,https://www.cs.utexas.edu/people/faculty-researchers/david-harwath
https://www.cs.utexas.edu/people,https://www.cs.utexas.edu/people/faculty-researchers/qixing-huang
https://www.cs.utexas.edu/people,https://www.cs.utexas.edu/people/faculty-researchers/warren-hunt-jr
https://www.cs.utexas.edu/people,https://www.cs.utexas.edu/people/faculty-researchers/alexander-huth
https://www.cs.utexas.edu/people,https://www.cs.utexas.edu/people/faculty-researchers/oliver-jensen
https://www.cs.utexas.edu/people,https://www.cs.utexas.edu/people/faculty-researchers/chand-john
https://www.cs.utexas.edu/people,https://www.cs.utexas.edu/people/faculty-researchers/stephen-keckler
https://www.cs.utexas.edu/people,https://www.cs.utexas.edu/people/faculty-researchers/adam-klivans
https://www.cs.utexas.edu/people,https://www.cs.utexas.edu/people/faculty-researchers/philipp-kr%C3%A4henb%C3%BChl
https://www.cs.utexas.edu/people,https://www.cs.utexas.edu/people/faculty-researchers/devdatta-kulkarni
https://www.cs.utexas.edu/people,https://www.cs.utexas.edu/people/faculty-researchers/simon-lam
https://www.cs.utexas.edu/people,https://www.cs.utexas.edu/people/faculty-researchers/karen-landolt
https://www.cs.utexas.edu/people,https://www.cs.utexas.edu/people/faculty-researchers/vladimir-lifschitz
https://www.cs.utexas.edu/people,https://www.cs.utexas.edu/people/faculty-researchers/calvin-lin
https://www.cs.utexas.edu/people,https://www.cs.utexas.edu/people/faculty-researchers/qiang-liu
https://www.cs.utexas.edu/people,https://www.cs.utexas.edu/people/faculty-researchers/risto-miikkulainen
https://www.cs.utexas.edu/people,https://www.cs.utexas.edu/people/faculty-researchers/daniel-p-miranker
https://www.cs.utexas.edu/people,https://www.cs.utexas.edu/people/faculty-researchers/reuth-mirsky
https://www.cs.utexas.edu/people,https://www.cs.utexas.edu/people/faculty-researchers/jayadev-misra
https://www.cs.utexas.edu/people,https://www.cs.utexas.edu/people/faculty-researchers/shyamal-mitra
https://www.cs.utexas.edu/people,https://www.cs.utexas.edu/people/faculty-researchers/aloysius-k-mok
https://www.cs.utexas.edu/people,https://www.cs.utexas.edu/people/faculty-researchers/raymond-mooney
https://www.cs.utexas.edu/people,https://www.cs.utexas.edu/people/faculty-researchers/j-strother-moore
https://www.cs.utexas.edu/people,https://www.cs.utexas.edu/people/faculty-researchers/dana-moshkovitz
https://www.cs.utexas.edu/research/publications,https://apps.cs.utexas.edu/apps/tech-reports
https://www.cs.utexas.edu/research/publications,https://www.cs.utexas.edu/facilities/documentation/submitting-technical-report
https://www.cs.utexas.edu/research/publications,https://www.cs.utexas.edu/facilities/poster-help
https://www.cs.utexas.edu/research/publications,http://www.cs.utexas.edu/users/EWD/
https://www.cs.utexas.edu/research/publications,http://catalog.lib.utexas.edu/search/t
https://www.cs.utexas.edu/research/publications,http://scholar.google.com/
https://www.cs.utexas.edu/research/publications,http://citeseer.ist.psu.edu/
https://www.cs.utexas.edu/research/publications,http://www.ncstrl.org/
https://emergency.utexas.edu/,https://twitter.com/UTAustinPolice
https://www.cs.utexas.edu/undergraduate-program/admissions/schedule-visit,https://bealonghorn.admissions.utexas.edu/portal/campus_visit
https://www.cs.utexas.edu/undergraduate-program/admissions/schedule-visit,https://www.cs.utexas.edu/undergraduate-program/admissions/ambassadors@cs.utexas.edu
https://www.cs.utexas.edu/undergraduate-program/admissions/schedule-visit,http://www.utexas.edu/maps/index.html
https://www.cs.utexas.edu/undergraduate-program/admissions/schedule-visit,http://www.utexas.edu/parking/parking/garages/index.php
https://www.cs.utexas.edu/undergraduate-program/admissions/schedule-visit,http://www.capmetro.org/airport.aspx?id=1884&terms=airport
https://www.cs.utexas.edu/undergraduate-program/admissions/schedule-visit,https://www.google.com/maps?output=classic&q=hotels+near+78712&sll=30.285841%2C-97.7346055&sspn=0.0569231%2C0.0878951&t=m
https://www.cs.utexas.edu/undergraduate-program/admissions/schedule-visit,https://itunes.apple.com/us/app/university-texas-at-austin/id347883008?mt=8
https://www.cs.utexas.edu/undergraduate-program/admissions/schedule-visit,https://admissions.utexas.edu/apply/transfer-admission
https://www.cs.utexas.edu/undergraduate-program/admissions/schedule-visit,http://www.utexas.edu/student/housing/
https://www.cs.utexas.edu/undergraduate-program/admissions/schedule-visit,https://www.cs.utexas.edu/about/campus-austin/traveling-utcs
https://www.utexas.edu/site-policies,http://www.policies.utexas.edu/
https://www.utexas.edu/site-policies,http://www.utexas.edu/cio/
https://www.utexas.edu/site-policies,https://its.utexas.edu/
https://www.utexas.edu/site-policies,http://www.utexas.edu/university-communications
https://www.utexas.edu/site-policies,http://www.utexas.edu/compliance/
https://www.utexas.edu/site-policies,http://www.utexas.edu/cio/policies/
https://www.utexas.edu/site-policies,http://www.utexas.edu/web-linking-policy
https://www.utexas.edu/site-policies,http://www.utexas.edu/about-this-site
https://www.utexas.edu/site-policies,http://www.utexas.edu/brand-guidelines
https://www.utexas.edu/site-policies,https://ucomm.utexas.edu/content/social-media-resources
https://www.utexas.edu/site-policies,https://www.utexas.edu/compact-with-texans
https://www.utexas.edu/site-policies,http://security.utexas.edu/policies/dmca
https://www.utexas.edu/site-policies,https://audit.utexas.edu/how-report-fraud
https://www.utexas.edu/site-policies,http://www.utexas.edu/business/vp/open_records.html
https://www.utexas.edu/site-policies,https://utdirect.utexas.edu/apps/student/coursedocs/nlogon/
https://www.utexas.edu/site-policies,http://security.utexas.edu/
https://www.cs.utexas.edu/news/2020/ut-austin-selected-home-national-ai-institute-focused-machine-learning,http://ml.utexas.edu/
https://www.cs.utexas.edu/news/2020/ut-austin-selected-home-national-ai-institute-focused-machine-learning,https://www.technologyreview.com/2018/11/17/103781/what-is-machine-learning-we-drew-you-another-flowchart/
https://www.cs.utexas.edu/news/2020/ut-austin-selected-home-national-ai-institute-focused-machine-learning,https://bridgingbarriers.utexas.edu/good-systems/
https://www.cs.utexas.edu/news/2020/ut-austin-selected-home-national-ai-institute-focused-machine-learning,https://www.oden.utexas.edu/people/1617/
https://www.cs.utexas.edu/news/2020/ut-austin-selected-home-national-ai-institute-focused-machine-learning,https://en.wikipedia.org/wiki/Amir_Husain
https://www.cs.utexas.edu/news/2020/ut-austin-selected-home-national-ai-institute-focused-machine-learning,https://www.sparkcognition.com/
https://www.cs.utexas.edu/news/2020/ut-austin-selected-home-national-ai-institute-focused-machine-learning,http://makerarm.com/
https://www.cs.utexas.edu/news/2020/ut-austin-selected-home-national-ai-institute-focused-machine-learning,https://cns.utexas.edu/news/blogger/mga343
https://www.cs.utexas.edu/news/2020/ut-austin-selected-home-national-ai-institute-focused-machine-learning,https://cns.utexas.edu/news/ut-austin-selected-as-home-of-national-ai-institute-focused-on-machine-learning
https://www.cs.utexas.edu/news/2020/ut-austin-selected-home-national-ai-institute-focused-machine-learning,https://www.cs.utexas.edu/news-categories/alumni
https://www.cs.utexas.edu/news/2020/ut-austin-selected-home-national-ai-institute-focused-machine-learning,https://www.cs.utexas.edu/news-categories/awards-honors
https://www.cs.utexas.edu/news/2020/ut-austin-selected-home-national-ai-institute-focused-machine-learning,https://www.cs.utexas.edu/news-categories/faculty
https://www.cs.utexas.edu/news/2020/ut-austin-selected-home-national-ai-institute-focused-machine-learning,https://www.cs.utexas.edu/news-categories/industry-relations
https://www.cs.utexas.edu/news/2020/ut-austin-selected-home-national-ai-institute-focused-machine-learning,https://www.cs.utexas.edu/news-categories/research
https://www.cs.utexas.edu/news/2020/ut-austin-selected-home-national-ai-institute-focused-machine-learning,https://www.cs.utexas.edu/news-tags/machine-learning
https://www.cs.utexas.edu/news/2020/ut-austin-selected-home-national-ai-institute-focused-machine-learning,https://www.cs.utexas.edu/news-tags/artificial-intelligence
https://www.cs.utexas.edu/news/2020/ut-austin-selected-home-national-ai-institute-focused-machine-learning,https://www.cs.utexas.edu/news-tags/national-science-foundation
https://www.cs.utexas.edu/news/2020/ut-austin-selected-home-national-ai-institute-focused-machine-learning,https://www.cs.utexas.edu/news/tags/institute-foundations-machine-learning
https://www.cs.utexas.edu/news/2020/ut-austin-selected-home-national-ai-institute-focused-machine-learning,https://www.cs.utexas.edu/news/tags/machine-learning-laboratory
https://www.cs.utexas.edu/news/2020/ut-austin-selected-home-national-ai-institute-focused-machine-learning,https://www.cs.utexas.edu/news/tags/amir-husain
https://www.cs.utexas.edu/news/2020/ut-austin-selected-home-national-ai-institute-focused-machine-learning,https://www.cs.utexas.edu/news/tags/zaib-husain
https://www.cs.utexas.edu/people,https://www.cs.utexas.edu/people/faculty-researchers/margaret-myers
https://www.cs.utexas.edu/people,https://www.cs.utexas.edu/people/faculty-researchers/scott-niekum
https://www.cs.utexas.edu/people,https://www.cs.utexas.edu/people/faculty-researchers/alison-norman
https://www.cs.utexas.edu/people,https://www.cs.utexas.edu/people/faculty-researchers/gordon-novak
https://www.cs.utexas.edu/people,https://www.cs.utexas.edu/people/faculty-researchers/devangi-parikh
https://www.cs.utexas.edu/people,https://www.cs.utexas.edu/people/faculty-researchers/simon-peter
https://www.cs.utexas.edu/people,https://www.cs.utexas.edu/people/faculty-researchers/tina-peterson
https://www.cs.utexas.edu/people,https://www.cs.utexas.edu/people/faculty-researchers/keshav-pingali
https://www.cs.utexas.edu/people,https://www.cs.utexas.edu/people/faculty-researchers/greg-plaxton
https://www.cs.utexas.edu/people,https://www.cs.utexas.edu/people/faculty-researchers/bruce-porter
https://www.cs.utexas.edu/news/2020/mission-accomplished,https://www.army.mil/futures
https://www.cs.utexas.edu/news/2020/mission-accomplished,https://robotics.utexas.edu/
https://www.cs.utexas.edu/news/2020/mission-accomplished,https://www.cs.utexas.edu/~pstone/
https://www.cs.utexas.edu/news/2020/mission-accomplished,https://news.utexas.edu/2020/11/05/mission-accomplished/
https://www.cs.utexas.edu/news/2020/mission-accomplished,https://www.cs.utexas.edu/news-tags/robotics
https://www.cs.utexas.edu/news/2020/mission-accomplished,https://www.cs.utexas.edu/news/tags/cockrell-school-engineering
https://www.cs.utexas.edu/news/2020/mission-accomplished,https://www.cs.utexas.edu/news-tags/college-natural-sciences
https://www.cs.utexas.edu/news/2020/mission-accomplished,https://www.cs.utexas.edu/news/tags/military
https://www.cs.utexas.edu/news/2020/mission-accomplished,https://www.cs.utexas.edu/news-tags/peter-stone
https://www.utexas.edu/site-policies,http://www.utexas.edu/vp/irla/index.html
https://www.utexas.edu/site-policies,http://www.utexas.edu/reporting
https://www.utexas.edu/site-policies,http://www.utexas.edu/trademarks/
https://www.utexas.edu/site-policies,http://www.texas.gov/
https://www.utexas.edu/site-policies,https://utexas.box.com/s/sfkdpyel114qcr2u941py2awt4jw5lsw
https://www.cs.utexas.edu/people,https://www.cs.utexas.edu/people/faculty-researchers/bill-press
https://www.cs.utexas.edu/people,https://www.cs.utexas.edu/people/faculty-researchers/eric-price
https://www.cs.utexas.edu/people,https://www.cs.utexas.edu/people/faculty-researchers/melinda-price
https://www.cs.utexas.edu/people,https://www.cs.utexas.edu/people/faculty-researchers/chris-prosise
https://www.cs.utexas.edu/people,https://www.cs.utexas.edu/people/faculty-researchers/lili-qiu
https://www.cs.utexas.edu/people,https://www.cs.utexas.edu/people/faculty-researchers/vijaya-ramachandran
https://www.cs.utexas.edu/people,https://www.cs.utexas.edu/people/faculty-researchers/andrea-rocchetto
https://www.cs.utexas.edu/people,https://www.cs.utexas.edu/people/faculty-researchers/christopher-rossbach
https://www.cs.utexas.edu/people,https://www.cs.utexas.edu/people/faculty-researchers/michael-scott
https://www.cs.utexas.edu/people,https://www.cs.utexas.edu/people/faculty-researchers/hovav-shacham
https://www.cs.utexas.edu/people,https://www.cs.utexas.edu/people/faculty-researchers/supreeth-shastri
https://www.cs.utexas.edu/people,https://www.cs.utexas.edu/people/faculty-researchers/peter-stone
https://www.cs.utexas.edu/people,https://www.cs.utexas.edu/people/faculty-researchers/paul-toprac
https://www.cs.utexas.edu/people,https://www.cs.utexas.edu/people/faculty-researchers/cem-tutum
https://www.cs.utexas.edu/people,https://www.cs.utexas.edu/people/faculty-researchers/robert-van-de-geijn
https://www.cs.utexas.edu/people,https://www.cs.utexas.edu/people/faculty-researchers/field-g-van-zee
https://www.cs.utexas.edu/people,https://www.cs.utexas.edu/people/faculty-researchers/etienne-vouga
https://www.cs.utexas.edu/people,https://www.cs.utexas.edu/people/faculty-researchers/brent-waters
https://www.cs.utexas.edu/people,https://www.cs.utexas.edu/people/faculty-researchers/emmett-witchel
https://www.cs.utexas.edu/people,https://www.cs.utexas.edu/people/faculty-researchers/john-wright
https://www.cs.utexas.edu/people,https://www.cs.utexas.edu/people/faculty-researchers/xuesu-xiao
https://www.cs.utexas.edu/people,https://www.cs.utexas.edu/people/faculty-researchers/harel-yedidsion
https://www.cs.utexas.edu/people,https://www.cs.utexas.edu/people/faculty-researchers/william-young
https://www.cs.utexas.edu/people,https://www.cs.utexas.edu/people/faculty-researchers/yuke-zhu
https://www.cs.utexas.edu/people,https://www.cs.utexas.edu/people/faculty-researchers/david-zuckerman
https://www.cs.utexas.edu/people,https://www.cs.utexas.edu/people/faculty-researchers/george-biros
https://www.cs.utexas.edu/news/2020/alumni-gift-launches-new-ai-institute,https://giving.utexas.edu/alumni-gift-launches-new-ai-institute/
https://www.cs.utexas.edu/news/2020/txcs-alumnus-greg-kuhlmann-aims-help-others-succeed-making-anti-fraud-systems-more,https://www.linkedin.com/in/kuhlmanngj
https://www.cs.utexas.edu/news/2020/txcs-alumnus-greg-kuhlmann-aims-help-others-succeed-making-anti-fraud-systems-more,https://www.cs.utexas.edu/~AustinVilla/sim/3dsimulation/
https://www.cs.utexas.edu/news/2020/txcs-alumnus-greg-kuhlmann-aims-help-others-succeed-making-anti-fraud-systems-more,https://www.cs.utexas.edu/news-tags/alumni
https://www.cs.utexas.edu/news/2020/txcs-alumnus-greg-kuhlmann-aims-help-others-succeed-making-anti-fraud-systems-more,https://www.cs.utexas.edu/news-tags/startups
https://www.cs.utexas.edu/news/2020/txcs-alumnus-greg-kuhlmann-aims-help-others-succeed-making-anti-fraud-systems-more,https://www.cs.utexas.edu/news-tags/entrepreneurship
https://www.cs.utexas.edu/people,https://www.cs.utexas.edu/people/faculty-researchers/alan-bovik
https://www.cs.utexas.edu/people,https://www.cs.utexas.edu/people/faculty-researchers/alexandros-dimakis
https://www.cs.utexas.edu/people,https://www.cs.utexas.edu/people/faculty-researchers/ron-elber
https://www.cs.utexas.edu/people,https://www.cs.utexas.edu/people/faculty-researchers/katrin-erk
https://www.cs.utexas.edu/people,https://www.cs.utexas.edu/people/faculty-researchers/vijay-k-garg
https://www.cs.utexas.edu/people,https://www.cs.utexas.edu/people/faculty-researchers/omar-ghattas
https://www.cs.utexas.edu/people,https://www.cs.utexas.edu/people/faculty-researchers/joydeep-ghosh
https://www.cs.utexas.edu/people,https://www.cs.utexas.edu/people/faculty-researchers/lizy-k-john
https://www.cs.utexas.edu/people,https://www.cs.utexas.edu/people/faculty-researchers/matthew-lease
https://www.cs.utexas.edu/giving/how,http://giving.utexas.edu/our-donors/
https://www.cs.utexas.edu/giving/how,https://www.irs.gov/taxtopics/tc506.html
https://www.cs.utexas.edu/giving/how,https://www.cs.utexas.edu/giving-collaboration/investing/options-investing/
https://www.cs.utexas.edu/giving/how,https://giving.utexas.edu/our-donors/texas-leadership-society/
https://www.cs.utexas.edu/giving/how,http://giving.utexas.edu/our-donors/presidents-associates/
https://www.cs.utexas.edu/news/2020/alumni-gift-launches-new-ai-institute,https://www.cs.utexas.edu/news/tags/machine-learning-lab
https://www.cs.utexas.edu/news/2020/alumni-gift-launches-new-ai-institute,https://www.cs.utexas.edu/news-tags/giving
https://www.cs.utexas.edu/research,https://www.cs.utexas.edu/news/2020/ut-scientists-use-ai-find-tourist-movement-patterns-cuzco-peru
https://www.cs.utexas.edu/research,https://www.cs.utexas.edu/news/2020/artificial-intelligence-revs-evolution%E2%80%99s-clock-audio
https://www.cs.utexas.edu/people,https://www.cs.utexas.edu/people/faculty-researchers/rudolf-lioutikov
https://www.cs.utexas.edu/people,https://www.cs.utexas.edu/people/faculty-researchers/j-tinsley-oden
https://www.cs.utexas.edu/people,https://www.cs.utexas.edu/people/faculty-researchers/david-zhigang-pan
https://www.cs.utexas.edu/people,https://www.cs.utexas.edu/people/faculty-researchers/yale-n-patt
https://www.cs.utexas.edu/people,https://www.cs.utexas.edu/people/faculty-researchers/andrew-whinston
https://www.cs.utexas.edu/people,https://www.cs.utexas.edu/people/faculty-researchers/karen-e-willcox
https://www.cs.utexas.edu/news/2020/tech-startup-powered-two-computer-science-professors-teams-intel,https://www.cs.utexas.edu/~pingali/
https://www.cs.utexas.edu/faculty/recruiting,http://apply.interfolio.com/80692
https://www.cs.utexas.edu/faculty/recruiting,http://apply.interfolio.com/80702
https://www.cs.utexas.edu/faculty/recruiting,http://weather.yahoo.com/forecast/USTX0057_f.html
https://www.cs.utexas.edu/faculty/recruiting,http://www.cs.utexas.edu/
https://www.cs.utexas.edu/faculty/recruiting,https://www.cs.utexas.edu/about/campus-austin
https://www.cs.utexas.edu/news/2017/systems-research-consortium-brings-together-industry-and-academic-research-efforts,https://www.cs.utexas.edu/systems-research-consortium
https://www.cs.utexas.edu/news/2017/systems-research-consortium-brings-together-industry-and-academic-research-efforts,http://www.huawei.com/us/
https://www.cs.utexas.edu/news/2017/systems-research-consortium-brings-together-industry-and-academic-research-efforts,https://www.cs.utexas.edu/news/2017/new-faculty-profile-simon-peter
https://www.cs.utexas.edu/news/2017/systems-research-consortium-brings-together-industry-and-academic-research-efforts,https://www.cs.utexas.edu/news/2016/new-faculty-profile-chris-rossbach
https://www.cs.utexas.edu/news/2017/systems-research-consortium-brings-together-industry-and-academic-research-efforts,https://www.cs.utexas.edu/news/2017/new-faculty-profile-vijay-chidambaram
https://www.cs.utexas.edu/news/2020/tech-startup-powered-two-computer-science-professors-teams-intel,https://www.cs.utexas.edu/~rossbach/
https://www.cs.utexas.edu/news/2020/tech-startup-powered-two-computer-science-professors-teams-intel,https://katanagraph.com/
https://www.cs.utexas.edu/news/2020/tech-startup-powered-two-computer-science-professors-teams-intel,https://newsroom.intel.com/articles/intel-katana-graph-team-large-scale-graph-analytics/
https://www.cs.utexas.edu/news/2020/tech-startup-powered-two-computer-science-professors-teams-intel,https://texasinnovationcenter.utexas.edu/
https://www.cs.utexas.edu/news/2020/tech-startup-powered-two-computer-science-professors-teams-intel,https://cns.utexas.edu/news/tech-startup-powered-by-two-computer-science-professors-teams-up-with-intel
https://www.cs.utexas.edu/news/2020/tech-startup-powered-two-computer-science-professors-teams-intel,https://www.cs.utexas.edu/news-tags/keshav-pingali
https://www.cs.utexas.edu/news/2020/tech-startup-powered-two-computer-science-professors-teams-intel,https://www.cs.utexas.edu/news/tags/chris-rossbach
https://www.cs.utexas.edu/news/2020/tech-startup-powered-two-computer-science-professors-teams-intel,https://www.cs.utexas.edu/news-tags/intel
https://www.cs.utexas.edu/news/2020/tech-startup-powered-two-computer-science-professors-teams-intel,https://www.cs.utexas.edu/news/tags/katana-graph
https://www.cs.utexas.edu/news/2017/faculty-and-students-across-campus-collaborate-robotics-consortium,http://www.cs.utexas.edu/~pstone/
https://www.cs.utexas.edu/news/2017/faculty-and-students-across-campus-collaborate-robotics-consortium,http://www.cs.utexas.edu/~sniekum/
https://www.cs.utexas.edu/news/2017/faculty-and-students-across-campus-collaborate-robotics-consortium,https://www.ae.utexas.edu/facultysites/topcu/wiki/index.php/Main_Page
https://www.cs.utexas.edu/news/2017/faculty-and-students-across-campus-collaborate-robotics-consortium,http://www.sandia.gov/
https://www.cs.utexas.edu/news/2017/faculty-and-students-across-campus-collaborate-robotics-consortium,https://www.arm.com/
https://www.cs.utexas.edu/news/2017/faculty-and-students-across-campus-collaborate-robotics-consortium,https://www.omnicell.com/
https://www.cs.utexas.edu/news/2017/faculty-and-students-across-campus-collaborate-robotics-consortium,https://www.orbotech.com/
